feature,counts,RF Feature Importance,RFE RF Score,RF Permutation Importance,Ridge Permutation Importance,RFE Ridge Score
% On Campus 10/30/20,7,0.025704745715833626,1.0,-0.005911330049261076,0.019704433497536922,1.0
Total Students 2018-2019,7,0.012072661423875431,1.0,0.008866995073891614,0.0009852216748768461,1.0
% Students Tested Math - Grade 3 2020-2021,7,0.012762135019483223,1.0,0.007881773399014769,0.0039408866995073845,0.0
% Black or African American Students 2021-2022,7,0.0089272914662369,1.0,0.013793103448275845,-0.006896551724137922,1.0
% Black or African American Students 2018-2019,7,0.007539664623988583,1.0,0.0049261083743842304,-0.010837438423645308,1.0
% On Campus 09/28/20,7,0.026353592156466005,1.0,0.0019704433497536923,0.0,1.0
% Free or Reduced Lunch 2018-2019,7,0.010491595337990371,1.0,0.0019704433497536923,0.002955665024630538,0.0
Total Teachers 2020-2021,6,0.014045817581257806,1.0,0.014778325123152714,0.016748768472906395,0.0
# of Households 10,6,0.010189012591085735,1.0,0.012807881773399,-0.002955665024630538,0.0
% On Campus 01/29/21,6,0.03607250466038429,1.0,-0.0039408866995073845,0.002955665024630538,1.0
ARP ESSER III 21 NORM,6,0.009199944119317282,1.0,0.009852216748768461,-0.010837438423645308,1.0
Total Students 2021-2022,6,0.011660494928793032,1.0,0.0049261083743842304,-0.006896551724137922,1.0
% Students Tested Math - Grade 3 2018-2019,6,0.007906069329119188,1.0,0.0009852216748768461,0.002955665024630538,0.0
% Hispanic Students 2018-2019,6,0.00994768081389833,1.0,-0.0019704433497536923,-0.005911330049261076,1.0
% Students Tested Math - Grade 5 2018-2019,5,0.009578671396857629,0.0,0.002955665024630538,-0.0049261083743842304,0.0
% Students Tested Math - Grade 6 2021-2022,5,0.009415720640600063,1.0,0.005911330049261076,-0.002955665024630538,0.0
% County Infected 07/29/2022,5,0.004952874162619592,0.0,0.0049261083743842304,0.0039408866995073845,0.0
% Grades 9-12 2018-2019,5,0.007827316755565012,1.0,0.0039408866995073845,-0.010837438423645308,1.0
% Students Tested Math - Grade 8 2020-2021,5,0.010092601250200164,1.0,0.0009852216748768461,-0.010837438423645308,0.0
# of Housing Units 10,5,0.008475535732790366,0.0,0.014778325123152691,-0.002955665024630538,0.0
% White Students 2021-2022,5,0.02025842658101796,1.0,-0.014778325123152691,-0.015763546798029538,1.0
% of Population Under 18 in Poverty,5,0.004165575838236829,0.0,0.0009852216748768461,-0.010837438423645308,0.0
Total Students 2020-2021,5,0.011842218210843488,1.0,0.009852216748768461,-0.002955665024630538,0.0
% Age 10-14 Pop 10,5,0.006529304824149573,1.0,0.006896551724137922,0.0009852216748768461,0.0
% Black or African American Students 2020-2021,5,0.008897736360199134,1.0,0.010837438423645308,-0.006896551724137922,0.0
% Asian or Asian/Pacific Islander Students 2021-2022,5,0.006714092810944729,0.0,0.0039408866995073845,0.0009852216748768461,1.0
% HH Married-Child 10,5,0.006007586324982618,0.0,0.002955665024630538,0.012807881773399,0.0
Avg Family Size 10,5,0.006741775011985689,0.0,0.0009852216748768461,0.0019704433497536923,0.0
CARES ESSER I 20 NORM,5,0.008504249790162847,0.0,-0.0039408866995073845,-0.007881773399014769,1.0
Total Staff 2020-2021,5,0.009314736680878942,1.0,0.015763546798029538,0.017733990147783228,0.0
% White Students 2020-2021,5,0.01855087524922141,1.0,-0.012807881773399,-0.014778325123152691,1.0
% Prek 2018-2019,4,0.009079160414765626,1.0,0.0,-0.013793103448275845,0.0
% Students Tested Math - Grade 5 2020-2021,4,0.013202820994245752,1.0,0.0,0.0019704433497536923,0.0
% Students Tested Math - Grade 4 2018-2019,4,0.008350883283886036,1.0,0.0049261083743842304,-0.014778325123152691,0.0
% Students Tested Math - Grade 4 2021-2022,4,0.008300192219398119,1.0,0.014778325123152691,-0.010837438423645308,0.0
% K 2020-2021,4,0.008133201921107102,1.0,0.006896551724137922,-0.0019704433497536923,0.0
# of Families 10,4,0.006294014000711261,1.0,0.0049261083743842304,-0.002955665024630538,0.0
% Students Tested Math - Grade 5 2021-2022,4,0.006869076059131931,1.0,-0.0039408866995073845,-0.008866995073891614,0.0
% Students Tested Math - Grade 6 2020-2021,4,0.009294056926878342,1.0,-0.0049261083743842304,-0.007881773399014769,0.0
% Students Tested Math - Grade 7 2020-2021,4,0.01592201212792609,1.0,0.008866995073891614,-0.017733990147783228,0.0
% Students Tested Math - Grade 7 2021-2022,4,0.00737300450724198,0.0,0.002955665024630538,-0.002955665024630538,0.0
% Students Tested Math - Grade 8 2018-2019,4,0.00520915018908125,0.0,0.009852216748768461,0.006896551724137922,0.0
% White Students 2018-2019,4,0.027663028576941175,1.0,-0.005911330049261076,-0.002955665024630538,0.0
% Hispanic Students 2021-2022,4,0.010359679440087336,1.0,-0.0039408866995073845,-0.0009852216748768461,0.0
33-Town: Remote,4,0.0003638989999349035,0.0,0.0009852216748768461,-0.0039408866995073845,0.0
41-Rural: Fringe,4,0.00043677312035633135,0.0,-0.0009852216748768461,0.005911330049261076,0.0
42-Rural: Distant,4,0.0010733311093386111,0.0,-0.007881773399014769,-0.013793103448275845,0.0
43-Rural: Remote,4,0.0004582098421839869,0.0,0.0009852216748768461,-0.009852216748768461,0.0
Average Annual Pay,4,0.0055135585659080695,0.0,0.009852216748768461,-0.0039408866995073845,0.0
CRRSA ESSER II 21 NORM,4,0.008050418882254209,0.0,-0.002955665024630538,-0.010837438423645308,0.0
County Population,4,0.008055327736824363,0.0,0.013793103448275845,-0.002955665024630538,0.0
Total Teachers 2018-2019,4,0.00806939389934965,1.0,0.006896551724137922,-0.005911330049261076,0.0
% Housing Owner Occup 10,4,0.005487176721248889,0.0,0.006896551724137922,0.002955665024630538,0.0
% Prek 2021-2022,4,0.009639503025758592,1.0,0.015763546798029538,-0.014778325123152691,0.0
% Hispanic Students 2020-2021,4,0.010523671687874655,1.0,-0.0009852216748768461,-0.005911330049261076,0.0
% Grades 9-12 2021-2022,4,0.007969722815546794,1.0,0.0039408866995073845,-0.0049261083743842304,0.0
% ADA 2020-2021,4,0.009776657029350874,1.0,-0.0049261083743842304,-0.008866995073891614,0.0
% ADA 2021-2022,4,0.0072368290750699435,0.0,0.002955665024630538,-0.012807881773399,0.0
% Age 35-44 Pop 10,4,0.005231758999592887,1.0,0.002955665024630538,-0.006896551724137922,0.0
% Asian or Asian/Pacific Islander Students 2018-2019,4,0.0052243187133726565,0.0,0.002955665024630538,-0.008866995073891614,1.0
% Free or Reduced Lunch 2020-2021,4,0.014068271690298905,1.0,-0.006896551724137922,-0.009852216748768461,0.0
% Grades 1-8 2021-2022,4,0.009505674612449068,1.0,0.007881773399014769,0.002955665024630538,0.0
% Grades 9-12 2020-2021,4,0.008474094655226729,0.0,0.0049261083743842304,-0.007881773399014769,1.0
Total Teachers 2021-2022,4,0.0112303739318157,1.0,0.014778325123152691,-0.012807881773399,0.0
% HH Female-Child 10,4,0.005765451334483415,1.0,0.0039408866995073845,-0.012807881773399,0.0
% Prek 2020-2021,3,0.008360800733913916,1.0,0.0,-0.0039408866995073845,0.0
% County Deaths 01/29/21,3,0.006773473421411927,1.0,-0.0019704433497536923,0.0,0.0
% Title I Eligible School 2020-2021,3,0.0028496789011147835,0.0,0.0009852216748768461,-0.005911330049261076,0.0
% County Deaths 07/28/2021,3,0.005171978194006227,0.0,0.0009852216748768461,-0.0049261083743842304,0.0
13-City: Small,3,5.076621495239529e-05,0.0,0.0,0.0049261083743842304,0.0
21-Suburb: Large,3,0.00034455691645558724,0.0,0.0,0.0009852216748768461,0.0
22-Suburb: Mid-size,3,3.8826624263093046e-05,0.0,0.0,-0.0009852216748768461,0.0
23-Suburb: Small,3,0.0,0.0,0.0,0.0,0.0
31-Town: Fringe,3,0.0005772353327113109,0.0,-0.0009852216748768461,-0.0039408866995073845,0.0
% Asian Pop 10,3,0.0055241902812024,1.0,0.009852216748768461,-0.002955665024630538,0.0
% County Infected 07/28/2021,3,0.006349446902240915,1.0,-0.007881773399014769,-0.0039408866995073845,0.0
% K 2021-2022,3,0.00866241812532606,0.0,0.0049261083743842304,0.0,0.0
Low Median Household Income (Less than $45000),3,0.0002724242928364228,0.0,-0.0019704433497536923,0.021674876847290615,0.0
Median Age Female 10,3,0.005047438980068158,0.0,0.002955665024630538,-0.002955665024630538,0.0
Mid Median Household Income (Between $45000 & $70000),3,0.00033810019651000963,0.0,0.0039408866995073845,-0.0039408866995073845,0.0
Total Staff 2018-2019,3,0.008619000991375228,1.0,0.0039408866995073845,-0.0039408866995073845,0.0
% ADA 2018-2019,3,0.008173340289532675,0.0,0.006896551724137922,-0.0039408866995073845,0.0
% Title I Eligible School 2018-2019,3,0.0033165575831860215,0.0,0.0039408866995073845,-0.008866995073891614,0.0
12-City: Mid-size,3,0.00025704904146181036,0.0,0.0,0.005911330049261076,0.0
% School-wide Title I 2018-2019,3,0.002757719875472524,0.0,-0.0019704433497536923,0.007881773399014769,0.0
% County Infected 10/30/20,3,0.005762336160203565,0.0,0.0049261083743842304,0.0,0.0
% Grades 1-8 2020-2021,3,0.007758593640228215,1.0,-0.006896551724137922,-0.016748768472906385,0.0
% Free or Reduced Lunch 2021-2022,3,0.009592267660282395,1.0,-0.008866995073891614,-0.0039408866995073845,0.0
% HH Married-noChild 10,3,0.007219447977773147,1.0,-0.010837438423645308,-0.008866995073891614,0.0
% Students Tested Math - Grade 6 2018-2019,3,0.007128744962384606,1.0,-0.0049261083743842304,-0.010837438423645308,0.0
% Students Tested Math - Grade 3 2021-2022,3,0.009034846505088437,1.0,0.0,-0.006896551724137922,0.0
% Students Tested Math - Grade 4 2020-2021,3,0.01582064870239804,1.0,0.002955665024630538,-0.008866995073891614,0.0
% HH 1 Male 10,3,0.003547245096065188,0.0,0.0009852216748768461,-0.008866995073891614,0.0
% Male Pop 10,2,0.005035989594101134,0.0,0.0039408866995073845,-0.005911330049261076,0.0
Median Age 10,2,0.004640802180301457,0.0,0.0,-0.0019704433497536923,0.0
% HH Male-Child 10,2,0.005532031692990792,0.0,-0.0049261083743842304,0.0,0.0
High Median Household Income (More than $70000),2,0.00021208719082503244,0.0,0.0,0.0,0.0
Median Age Male 10,2,0.0046245893215997045,0.0,-0.006896551724137922,-0.010837438423645308,0.0
% School-wide Title I 2021-2022,2,0.0017897084277235125,0.0,0.0,-0.0019704433497536923,0.0
Per Capita Income,2,0.0053673250842073625,0.0,-0.0019704433497536923,-0.006896551724137922,0.0
% School-wide Title I 2020-2021,2,0.002229549329636806,0.0,-0.0039408866995073845,-0.006896551724137922,0.0
% Age 25-34 Pop 10,2,0.0041051477480041065,0.0,-0.0009852216748768461,-0.006896551724137922,0.0
Total Staff 2021-2022,2,0.007104842581594276,0.0,0.002955665024630538,-0.027586206896551713,0.0
% Age 20-24 Pop 10,2,0.005964091292580629,0.0,-0.0019704433497536923,-0.005911330049261076,0.0
% Hispanic Pop 10,2,0.008780338617760687,0.0,-0.006896551724137922,-0.018719211822660075,0.0
% Age 75-84 Pop 10,2,0.005598195117944771,0.0,-0.0009852216748768461,0.0019704433497536923,0.0
% County Deaths 10/30/2022,2,0.004985070603768382,0.0,-0.0019704433497536923,-0.0049261083743842304,0.0
% of Population in Poverty,2,0.005255998569722644,0.0,-0.006896551724137922,-0.0039408866995073845,0.0
% Housing Renter Occup 10,2,0.006087855076753277,0.0,-0.0049261083743842304,0.0019704433497536923,0.0
% Black Pop 10,2,0.004354233406134807,0.0,0.0009852216748768461,-0.012807881773399,0.0
% Students Tested Math - Grade 8 2021-2022,2,0.007044842954796696,1.0,-0.011822660098522153,-0.012807881773399,0.0
% Grades 1-8 2018-2019,2,0.009641073272873528,1.0,-0.0039408866995073845,-0.010837438423645308,0.0
% Title I Eligible School 2021-2022,2,0.00257178767094684,0.0,-0.0009852216748768461,-0.015763546798029538,0.0
% White Pop 10,2,0.004376380014524329,0.0,0.0019704433497536923,-0.013793103448275845,0.0
% Asian or Asian/Pacific Islander Students 2020-2021,2,0.0051318813729344034,0.0,0.0019704433497536923,-0.006896551724137922,0.0
% County Infected 10/30/2022,2,0.005643516996783369,0.0,0.007881773399014769,-0.0049261083743842304,0.0
% County Deaths 07/29/2022,2,0.006241834359080591,0.0,-0.0019704433497536923,-0.0039408866995073845,0.0
% K 2018-2019,1,0.008232845718660882,0.0,-0.0019704433497536923,-0.0039408866995073845,0.0
% Students Tested Math - Grade 7 2018-2019,1,0.007238619588018565,0.0,-0.0019704433497536923,-0.011822660098522153,0.0
% Age 15-19 Pop 10,1,0.004935486895633187,0.0,0.0,-0.008866995073891614,0.0
% County Infected 01/29/2022,1,0.005437817608048768,0.0,0.006896551724137922,-0.012807881773399,0.0
% County Infected 01/29/21,1,0.005610904268063902,0.0,0.005911330049261076,-0.009852216748768461,0.0
11-City: Large,1,0.0,0.0,0.0,-0.0009852216748768461,0.0
% HH 1 Female 10,1,0.004918413387411353,0.0,-0.007881773399014769,-0.007881773399014769,0.0
% Female Pop 10,1,0.004112375784852109,0.0,-0.0049261083743842304,-0.005911330049261076,0.0
% County Deaths 01/29/2022,1,0.005587355609016089,0.0,-0.0019704433497536923,-0.005911330049261076,0.0
% Age 45-54 Pop 10,1,0.004324284827853763,0.0,-0.009852216748768461,-0.0049261083743842304,0.0
% Age 5-9 Pop 10,1,0.004906604190861906,0.0,-0.002955665024630538,-0.011822660098522153,0.0
Avg Household Size 10,1,0.005353933870591875,0.0,-0.008866995073891614,-0.015763546798029538,0.0
% County Infected 09/28/20,1,0.0039001951527802762,0.0,0.007881773399014769,-0.010837438423645308,0.0
